-- Supabase Database SQL Dump (Data Only)
SET client_encoding = 'UTF8';


-- Daten fuer Tabelle: profiles
INSERT INTO public."profiles" ("id", "email", "full_name", "avatar_url", "created_at", "updated_at", "role", "phone", "address") VALUES ('1a828638-74ca-46d1-9bf0-94e355b51ef2', 'kqend50260@minitts.net', NULL, NULL, '2026-04-06T16:30:49.840945+00:00', '2026-04-06T16:30:49.840945+00:00', 'user', NULL, NULL);
INSERT INTO public."profiles" ("id", "email", "full_name", "avatar_url", "created_at", "updated_at", "role", "phone", "address") VALUES ('09a22a49-bae2-4f89-94a6-ec7e4f63e2ea', 'xfxjw25114@minitts.net', NULL, NULL, '2026-04-06T16:30:49.840945+00:00', '2026-04-06T16:30:49.840945+00:00', 'user', NULL, NULL);
INSERT INTO public."profiles" ("id", "email", "full_name", "avatar_url", "created_at", "updated_at", "role", "phone", "address") VALUES ('aea8d0de-611a-4ef1-8836-a3f49fccd271', 'sddre60466@minitts.net', NULL, NULL, '2026-04-06T16:32:28.396159+00:00', '2026-04-06T16:32:28.396159+00:00', 'user', NULL, NULL);
INSERT INTO public."profiles" ("id", "email", "full_name", "avatar_url", "created_at", "updated_at", "role", "phone", "address") VALUES ('dd1b7b09-a431-40ec-bce9-cad490d41721', 'hopeho4105@azucore.com', NULL, NULL, '2026-04-06T17:31:25.090029+00:00', '2026-04-06T17:31:25.090029+00:00', 'user', NULL, NULL);
INSERT INTO public."profiles" ("id", "email", "full_name", "avatar_url", "created_at", "updated_at", "role", "phone", "address") VALUES ('d4ee7358-b0b1-476c-af7d-380b31ecbfff', 'j15xtivtdh@ozsaip.com', NULL, NULL, '2026-04-06T18:33:30.163793+00:00', '2026-04-06T18:33:30.163793+00:00', 'user', NULL, NULL);
INSERT INTO public."profiles" ("id", "email", "full_name", "avatar_url", "created_at", "updated_at", "role", "phone", "address") VALUES ('cbca1379-f34b-4ede-908a-27d941634060', '4gvi72vd6d@xkxkud.com', NULL, NULL, '2026-04-06T19:14:29.635167+00:00', '2026-04-06T19:14:29.635167+00:00', 'user', NULL, NULL);
INSERT INTO public."profiles" ("id", "email", "full_name", "avatar_url", "created_at", "updated_at", "role", "phone", "address") VALUES ('9cd5cd7d-e0f4-4771-987a-e607df24ae22', 'o818catsje@wnbaldwy.com', 'erhard rd', NULL, '2026-04-06T19:40:12.554045+00:00', '2026-04-06T19:40:12.554045+00:00', 'user', '22', 'e, 1, 1, f');
INSERT INTO public."profiles" ("id", "email", "full_name", "avatar_url", "created_at", "updated_at", "role", "phone", "address") VALUES ('5ad8cafe-84e2-42a1-8649-faaa81a587b6', 'sdsadjh433jh43@atomicmail.io', NULL, NULL, '2026-04-06T20:00:38.897497+00:00', '2026-04-06T20:00:38.897497+00:00', 'admin', NULL, NULL);
INSERT INTO public."profiles" ("id", "email", "full_name", "avatar_url", "created_at", "updated_at", "role", "phone", "address") VALUES ('91d3b191-b8d7-4c25-a395-ad7f63efa31b', 'y4dh8lfb81@ozsaip.com', 'Robert Vollert', NULL, '2026-04-07T19:07:29.552126+00:00', '2026-04-07T19:07:29.552126+00:00', 'user', '3', 'f, 2, 4, 4');
INSERT INTO public."profiles" ("id", "email", "full_name", "avatar_url", "created_at", "updated_at", "role", "phone", "address") VALUES ('38f43b19-57c8-4ef5-bad2-03d25ddf0563', '9vjhlgtdm3@xkxkud.com', 'Hans Maier', NULL, '2026-04-06T18:52:37.708328+00:00', '2026-04-06T18:52:37.708328+00:00', 'user', NULL, '');
INSERT INTO public."profiles" ("id", "email", "full_name", "avatar_url", "created_at", "updated_at", "role", "phone", "address") VALUES ('fc89eb2c-d60c-45d2-92e5-3851a418dda7', 'ec24rcnbsf@ozsaip.com', 'Peter Maffay', NULL, '2026-04-07T19:40:13.80355+00:00', '2026-04-07T19:40:13.80355+00:00', 'user', '32323', '23323, 4, 4, 4');

-- Daten fuer Tabelle: bitcoin_wallets
INSERT INTO public."bitcoin_wallets" ("id", "user_id", "wallet_address", "assigned_at", "assigned_by", "countdown_days") VALUES ('8eba73db-48f3-44f9-b47f-37365e98a4a4', 'd4ee7358-b0b1-476c-af7d-380b31ecbfff', 'bc1qj2w95djevcegew4r5s9ah9jvxmdrj07xam0x8e', '2026-04-06T18:33:30.163793+00:00', NULL, 30);
INSERT INTO public."bitcoin_wallets" ("id", "user_id", "wallet_address", "assigned_at", "assigned_by", "countdown_days") VALUES ('744e7560-3cfc-4c6a-9f50-c4e5f09f27c2', 'aea8d0de-611a-4ef1-8836-a3f49fccd271', 'bc1qvyqt32jne7vm3xwyejzsep75tf3kcdku4jek66', '2026-04-06T16:57:45.058164+00:00', NULL, 30);
INSERT INTO public."bitcoin_wallets" ("id", "user_id", "wallet_address", "assigned_at", "assigned_by", "countdown_days") VALUES ('97557721-d4b5-4a57-a728-92d141530104', '1a828638-74ca-46d1-9bf0-94e355b51ef2', 'bc1qaw45r2k7xtg02jtkvffjwvqej9q8zedtx4kwpk', '2026-04-06T16:58:27.485782+00:00', NULL, 30);
INSERT INTO public."bitcoin_wallets" ("id", "user_id", "wallet_address", "assigned_at", "assigned_by", "countdown_days") VALUES ('a28ac571-8bf9-4cff-bf1b-ff4d6c600717', '09a22a49-bae2-4f89-94a6-ec7e4f63e2ea', 'bc1ql34g9whateldawpee7d3a9x7j5hjgkx9ytg0zc', '2026-04-06T16:58:39.81007+00:00', NULL, 30);
INSERT INTO public."bitcoin_wallets" ("id", "user_id", "wallet_address", "assigned_at", "assigned_by", "countdown_days") VALUES ('f844c187-6bdf-4527-a549-b2252fde729a', 'dd1b7b09-a431-40ec-bce9-cad490d41721', 'bc1qcvrxuvveg2tr0nv2s79sjm4q2tsa4t6er09rxs', '2026-04-06T17:35:06.260668+00:00', NULL, 30);
INSERT INTO public."bitcoin_wallets" ("id", "user_id", "wallet_address", "assigned_at", "assigned_by", "countdown_days") VALUES ('5fcd89be-6a88-421e-8add-2d210e9de048', '38f43b19-57c8-4ef5-bad2-03d25ddf0563', 'bc1qzh58ws7cnnwf2x3ewdergddjm8lvfl7ej45llm', '2026-04-06T18:56:00.720773+00:00', NULL, 30);
INSERT INTO public."bitcoin_wallets" ("id", "user_id", "wallet_address", "assigned_at", "assigned_by", "countdown_days") VALUES ('9eb8d227-be04-41bb-86ad-f208acceb6b2', '5ad8cafe-84e2-42a1-8649-faaa81a587b6', 'bc1qxlfeq5s85dvvmcdf2hd94lfhlyk3qa06cu3t7z', '2026-04-06T20:00:38.897497+00:00', NULL, 30);
INSERT INTO public."bitcoin_wallets" ("id", "user_id", "wallet_address", "assigned_at", "assigned_by", "countdown_days") VALUES ('c948d17b-9d0b-4e30-869a-cf939cabcdf7', '9cd5cd7d-e0f4-4771-987a-e607df24ae22', 'bc1qc2cmfucr49jyl3c08pv8v7uzg3vnm6gvkdpw2p', '2026-04-06T20:09:51.357915+00:00', '5ad8cafe-84e2-42a1-8649-faaa81a587b6', 30);
INSERT INTO public."bitcoin_wallets" ("id", "user_id", "wallet_address", "assigned_at", "assigned_by", "countdown_days") VALUES ('f6d15930-0794-488c-86ad-6f1345d959df', 'cbca1379-f34b-4ede-908a-27d941634060', 'bc1qehv5av2sg7lwn2t7ry5re7yzfa4th9ephruhmw', '2026-04-06T20:11:00.039971+00:00', '5ad8cafe-84e2-42a1-8649-faaa81a587b6', 30);
INSERT INTO public."bitcoin_wallets" ("id", "user_id", "wallet_address", "assigned_at", "assigned_by", "countdown_days") VALUES ('ea34d6c0-2910-4c9d-a982-659023f3ac7f', '91d3b191-b8d7-4c25-a395-ad7f63efa31b', 'bc1q9qp50a6pzcy2q46e967gnjxfywfphnxqnrazrr', '2026-04-07T19:07:29.552126+00:00', NULL, 30);
INSERT INTO public."bitcoin_wallets" ("id", "user_id", "wallet_address", "assigned_at", "assigned_by", "countdown_days") VALUES ('de33d8b9-3908-4c6d-b15b-0b91c0dc7155', 'fc89eb2c-d60c-45d2-92e5-3851a418dda7', 'bc1qxk8scs678cz3g4c5s70gac3xvjtmgm00qthaj9', '2026-04-07T19:40:13.80355+00:00', NULL, 30);

-- Daten fuer Tabelle: transactions
INSERT INTO public."transactions" ("id", "wallet_id", "txid", "amount_btc", "eur_rate", "amount_eur", "timestamp", "block_height", "created_at", "status", "maturity_days", "expires_at", "original_deposit", "is_extended", "extended_base_amount", "withdrawal_address", "maturity_date", "withdrawn_amount_eur", "withdrawn_amount_btc") VALUES ('63b20c87-7324-47e9-b85a-36ff874443d5', '8eba73db-48f3-44f9-b47f-37365e98a4a4', '665591646d41ac85ee01c8e92b76b0549b1c1b3538c4c95bdfd3849ccb51442b', 0.51994509, 60462, 31751.29, '2026-04-06T16:31:51+00:00', NULL, '2026-04-06T18:35:08.539675+00:00', 'active', 3, '2026-04-09T18:35:08.705+00:00', 31436.92, false, NULL, NULL, NULL, NULL, NULL);
INSERT INTO public."transactions" ("id", "wallet_id", "txid", "amount_btc", "eur_rate", "amount_eur", "timestamp", "block_height", "created_at", "status", "maturity_days", "expires_at", "original_deposit", "is_extended", "extended_base_amount", "withdrawal_address", "maturity_date", "withdrawn_amount_eur", "withdrawn_amount_btc") VALUES ('d3870676-b813-4802-bc40-9ec0eb2c9906', '9eb8d227-be04-41bb-86ad-f208acceb6b2', 'd5ed791bf63a2e250d0ceb57cc511405d2eec8b619e0883db9fee05bab343ef5', 0.00012475, 60395, 7.61, '2026-04-06T17:25:25+00:00', NULL, '2026-04-06T20:00:58.85523+00:00', 'active', 3, '2026-04-09T20:00:45.152+00:00', 7.53, false, NULL, NULL, NULL, NULL, NULL);
INSERT INTO public."transactions" ("id", "wallet_id", "txid", "amount_btc", "eur_rate", "amount_eur", "timestamp", "block_height", "created_at", "status", "maturity_days", "expires_at", "original_deposit", "is_extended", "extended_base_amount", "withdrawal_address", "maturity_date", "withdrawn_amount_eur", "withdrawn_amount_btc") VALUES ('a4486be6-064d-4394-85a5-62e3c03ec130', '9eb8d227-be04-41bb-86ad-f208acceb6b2', 'ff31cdcfe78adffcc9a2296db52e0d17ea27d1a974238f7c0d70ceb6eee713e2', 0.00033487, 60391, 20.43, '2026-04-06T17:00:18+00:00', NULL, '2026-04-06T20:01:59.605134+00:00', 'active', 3, '2026-04-09T20:01:46.003+00:00', 20.22, false, NULL, NULL, NULL, NULL, NULL);
INSERT INTO public."transactions" ("id", "wallet_id", "txid", "amount_btc", "eur_rate", "amount_eur", "timestamp", "block_height", "created_at", "status", "maturity_days", "expires_at", "original_deposit", "is_extended", "extended_base_amount", "withdrawal_address", "maturity_date", "withdrawn_amount_eur", "withdrawn_amount_btc") VALUES ('546f1407-91f1-48d7-939e-56c680d32409', '9eb8d227-be04-41bb-86ad-f208acceb6b2', '766eb9164587304ca0b0626e495835fe5b1d81d9bc3ed038fb6657f469d7440e', 0.00033713, 60391, 20.56, '2026-04-06T13:29:28+00:00', NULL, '2026-04-06T20:02:00.096343+00:00', 'active', 3, '2026-04-09T20:01:46.487+00:00', 20.36, false, NULL, NULL, NULL, NULL, NULL);
INSERT INTO public."transactions" ("id", "wallet_id", "txid", "amount_btc", "eur_rate", "amount_eur", "timestamp", "block_height", "created_at", "status", "maturity_days", "expires_at", "original_deposit", "is_extended", "extended_base_amount", "withdrawal_address", "maturity_date", "withdrawn_amount_eur", "withdrawn_amount_btc") VALUES ('c77a77be-790b-45fa-b2f3-8f6e9adc848d', '9eb8d227-be04-41bb-86ad-f208acceb6b2', '1f8cac64d9509720388e1e61e2c53cbc09fdf898ee9972171d5255ee91fb92f7', 0.00047452, 60391, 28.94, '2026-03-28T18:04:38+00:00', NULL, '2026-04-06T20:02:00.596921+00:00', 'active', 14, '2026-04-20T20:01:46.987+00:00', 28.66, false, NULL, NULL, NULL, NULL, NULL);
INSERT INTO public."transactions" ("id", "wallet_id", "txid", "amount_btc", "eur_rate", "amount_eur", "timestamp", "block_height", "created_at", "status", "maturity_days", "expires_at", "original_deposit", "is_extended", "extended_base_amount", "withdrawal_address", "maturity_date", "withdrawn_amount_eur", "withdrawn_amount_btc") VALUES ('9d0bf3fe-51bc-447d-af84-cc21b1bd8881', '9eb8d227-be04-41bb-86ad-f208acceb6b2', '9dbaccfa25cca2398597dda03f69371ef0bde5e213b79f802c0b2fbe96625968', 0.00029216, 60391, 17.82, '2026-03-28T15:12:44+00:00', NULL, '2026-04-06T20:02:01.20711+00:00', 'active', 14, '2026-04-20T20:01:47.587+00:00', 17.64, false, NULL, NULL, NULL, NULL, NULL);
INSERT INTO public."transactions" ("id", "wallet_id", "txid", "amount_btc", "eur_rate", "amount_eur", "timestamp", "block_height", "created_at", "status", "maturity_days", "expires_at", "original_deposit", "is_extended", "extended_base_amount", "withdrawal_address", "maturity_date", "withdrawn_amount_eur", "withdrawn_amount_btc") VALUES ('f98ac2f7-035e-4a39-bbe6-a9763183a64c', '9eb8d227-be04-41bb-86ad-f208acceb6b2', '151ecf4c66629cd29d0cedf4bb3c7c0622f0d4e633f7362cc26f0df97bef044f', 0.00030742, 60359, 18.74, '2026-03-17T17:05:34+00:00', NULL, '2026-04-06T20:03:02.585548+00:00', 'active', 14, '2026-04-20T20:02:48.988+00:00', 18.56, false, NULL, NULL, NULL, NULL, NULL);
INSERT INTO public."transactions" ("id", "wallet_id", "txid", "amount_btc", "eur_rate", "amount_eur", "timestamp", "block_height", "created_at", "status", "maturity_days", "expires_at", "original_deposit", "is_extended", "extended_base_amount", "withdrawal_address", "maturity_date", "withdrawn_amount_eur", "withdrawn_amount_btc") VALUES ('4568017b-63b2-4b5e-a247-a0fd00f2125f', '9eb8d227-be04-41bb-86ad-f208acceb6b2', 'efa0224778b9a0f4bb8aa5af62de7bbf8e168b8adf4580341061d44fab2ee94e', 0.00035247, 60359, 21.49, '2026-03-10T14:42:57+00:00', NULL, '2026-04-06T20:03:03.213806+00:00', 'active', 14, '2026-04-20T20:02:49.588+00:00', 21.27, false, NULL, NULL, NULL, NULL, NULL);
INSERT INTO public."transactions" ("id", "wallet_id", "txid", "amount_btc", "eur_rate", "amount_eur", "timestamp", "block_height", "created_at", "status", "maturity_days", "expires_at", "original_deposit", "is_extended", "extended_base_amount", "withdrawal_address", "maturity_date", "withdrawn_amount_eur", "withdrawn_amount_btc") VALUES ('aa2d0914-246f-4154-88fb-8f67dce64030', '9eb8d227-be04-41bb-86ad-f208acceb6b2', '4a409da220b4182cbf1a6b990425f6b05d371e682ef4de6970bbe854f27a82db', 0.00056694, 59784, 34.23, '2026-02-28T15:46:02+00:00', NULL, '2026-04-07T20:03:38.332176+00:00', 'active', 14, '2026-04-21T20:03:38+00:00', 33.89, false, NULL, NULL, NULL, NULL, NULL);
INSERT INTO public."transactions" ("id", "wallet_id", "txid", "amount_btc", "eur_rate", "amount_eur", "timestamp", "block_height", "created_at", "status", "maturity_days", "expires_at", "original_deposit", "is_extended", "extended_base_amount", "withdrawal_address", "maturity_date", "withdrawn_amount_eur", "withdrawn_amount_btc") VALUES ('0f8642cd-8625-40f4-a41b-3f96022d82e7', '9eb8d227-be04-41bb-86ad-f208acceb6b2', '7efd940fc7401ab8c45a923efe86fb615a65e4c5294e0ec50490024fd6815416', 0.00031929, 61223, 19.74, '2026-02-21T19:12:39+00:00', NULL, '2026-04-08T10:49:41.955199+00:00', 'active', 14, '2026-04-22T10:49:41.93+00:00', 19.55, false, NULL, NULL, NULL, NULL, NULL);
INSERT INTO public."transactions" ("id", "wallet_id", "txid", "amount_btc", "eur_rate", "amount_eur", "timestamp", "block_height", "created_at", "status", "maturity_days", "expires_at", "original_deposit", "is_extended", "extended_base_amount", "withdrawal_address", "maturity_date", "withdrawn_amount_eur", "withdrawn_amount_btc") VALUES ('d7d488df-5a30-4be9-98fd-975ce64e5262', '5fcd89be-6a88-421e-8add-2d210e9de048', '4537f188fbd276402d5efc0bc3c8d6b0875bbaede7b93ecdb90e177d67eabdd4', 0.00001, 60525, 0.61, '2026-03-21T20:34:35.156806+00:00', NULL, '2026-04-06T19:01:05.508904+00:00', 'withdrawn', 14, '2026-03-21T20:34:35.156806+00:00', 0.61, false, NULL, 'bc1qvxn06nxstrmtywx7cdvpz0wjhgaqzspx9k9akw', NULL, 0.7698666879033875, 0.000012747614589495264);
INSERT INTO public."transactions" ("id", "wallet_id", "txid", "amount_btc", "eur_rate", "amount_eur", "timestamp", "block_height", "created_at", "status", "maturity_days", "expires_at", "original_deposit", "is_extended", "extended_base_amount", "withdrawal_address", "maturity_date", "withdrawn_amount_eur", "withdrawn_amount_btc") VALUES ('dd496c6d-5e75-4778-bd3c-3d6009a23660', '5fcd89be-6a88-421e-8add-2d210e9de048', '490739a5aff702eb3a9713096e7e909d58a87dc381fce1e2e9e4a6e60fb51d78', 0.00001, 60529, 0.61, '2026-03-21T20:34:35.156806+00:00', NULL, '2026-04-06T18:58:31.909489+00:00', 'withdrawn', 3, '2026-03-21T20:34:35.156806+00:00', 0.61, false, NULL, 'bc1qvxn06nxstrmtywx7cdvpz0wjhgaqzspx9k9akw', NULL, 0.7698645819164482, 0.000012747579718120449);
INSERT INTO public."transactions" ("id", "wallet_id", "txid", "amount_btc", "eur_rate", "amount_eur", "timestamp", "block_height", "created_at", "status", "maturity_days", "expires_at", "original_deposit", "is_extended", "extended_base_amount", "withdrawal_address", "maturity_date", "withdrawn_amount_eur", "withdrawn_amount_btc") VALUES ('f4f40817-180c-4bba-a92b-bab0bd5dccb1', '5fcd89be-6a88-421e-8add-2d210e9de048', '5826e43b62f0e7302069cf50e9ad30e26bbde82c8c8cf1d32720a03e84cba954', 0.00001, 60496, 0.61, '2026-03-21T20:34:35.156806+00:00', NULL, '2026-04-06T19:03:07.894725+00:00', 'withdrawn', 14, '2026-03-21T20:34:35.156806+00:00', 0.6, false, NULL, 'bc1q8jahsxhpvdxfar9sz0kfczejzgf23tw3tdgkd4', NULL, 0.769735602808756, 0.0000127439669339198);
INSERT INTO public."transactions" ("id", "wallet_id", "txid", "amount_btc", "eur_rate", "amount_eur", "timestamp", "block_height", "created_at", "status", "maturity_days", "expires_at", "original_deposit", "is_extended", "extended_base_amount", "withdrawal_address", "maturity_date", "withdrawn_amount_eur", "withdrawn_amount_btc") VALUES ('696e83ce-d0cc-4c5a-8872-76e984469763', 'ea34d6c0-2910-4c9d-a982-659023f3ac7f', '68696f8f952103deb33ff61240bca5273a69961afd6f91468045bc5b724ba705', 0.21427866, 59093, 12788.99, '2026-04-06T16:31:51+00:00', NULL, '2026-04-07T19:11:56.212463+00:00', 'active', 3, '2026-04-10T19:11:55.795+00:00', 12662.37, false, NULL, NULL, NULL, NULL, NULL);
INSERT INTO public."transactions" ("id", "wallet_id", "txid", "amount_btc", "eur_rate", "amount_eur", "timestamp", "block_height", "created_at", "status", "maturity_days", "expires_at", "original_deposit", "is_extended", "extended_base_amount", "withdrawal_address", "maturity_date", "withdrawn_amount_eur", "withdrawn_amount_btc") VALUES ('561796b0-0254-4bd3-aae5-19fbc1eb7144', '9eb8d227-be04-41bb-86ad-f208acceb6b2', 'dea7e01e2ce1ff208c7a22dcbd27bae01e3dfe08ba716072c97229d88963d1fe', 0.00026544, 59130, 15.85, '2026-03-20T16:58:05+00:00', NULL, '2026-04-07T19:13:28.464211+00:00', 'active', 14, '2026-04-21T19:13:28.057+00:00', 15.7, false, NULL, NULL, NULL, NULL, NULL);
INSERT INTO public."transactions" ("id", "wallet_id", "txid", "amount_btc", "eur_rate", "amount_eur", "timestamp", "block_height", "created_at", "status", "maturity_days", "expires_at", "original_deposit", "is_extended", "extended_base_amount", "withdrawal_address", "maturity_date", "withdrawn_amount_eur", "withdrawn_amount_btc") VALUES ('8de88935-3508-4f2f-8dc7-514b273c8593', '9eb8d227-be04-41bb-86ad-f208acceb6b2', 'fc008646971b7951cbcd0736ba41a12b7154317e986b2d1b10cdd9b730c650c1', 0.00024847, 59130, 14.84, '2026-03-18T19:37:31+00:00', NULL, '2026-04-07T19:13:28.938152+00:00', 'active', 14, '2026-04-21T19:13:28.523+00:00', 14.69, false, NULL, NULL, NULL, NULL, NULL);
INSERT INTO public."transactions" ("id", "wallet_id", "txid", "amount_btc", "eur_rate", "amount_eur", "timestamp", "block_height", "created_at", "status", "maturity_days", "expires_at", "original_deposit", "is_extended", "extended_base_amount", "withdrawal_address", "maturity_date", "withdrawn_amount_eur", "withdrawn_amount_btc") VALUES ('e579fbe8-a3e9-4c7b-a289-6a3e7e7fad8e', '5fcd89be-6a88-421e-8add-2d210e9de048', '35e80965608c5fccb8cbd19488cb51473d9febcaa3fa5889859c95a96c826c75', 0.0001, 60528, 7.94, '2026-03-21T20:34:35.156806+00:00', NULL, '2026-04-06T18:57:29.88187+00:00', 'active', 14, '2026-04-06T10:00:00+00:00', 6.05, true, 7.709903928536061, NULL, '2026-04-20T20:53:13.768+00:00', NULL, NULL);
INSERT INTO public."transactions" ("id", "wallet_id", "txid", "amount_btc", "eur_rate", "amount_eur", "timestamp", "block_height", "created_at", "status", "maturity_days", "expires_at", "original_deposit", "is_extended", "extended_base_amount", "withdrawal_address", "maturity_date", "withdrawn_amount_eur", "withdrawn_amount_btc") VALUES ('558a5eb1-b318-49f6-80ed-f4d9547e7a40', 'de33d8b9-3908-4c6d-b15b-0b91c0dc7155', 'cd8f807dca496fb7c1f04dda1890360c645b528d13755038dedd207a23c2fde4', 0.0001, 59109, 5.97, '2026-04-07T19:45:19+00:00', NULL, '2026-04-07T19:45:20.328602+00:00', 'active', 3, '2026-04-10T19:45:19.981+00:00', 5.91, false, NULL, NULL, NULL, NULL, NULL);
INSERT INTO public."transactions" ("id", "wallet_id", "txid", "amount_btc", "eur_rate", "amount_eur", "timestamp", "block_height", "created_at", "status", "maturity_days", "expires_at", "original_deposit", "is_extended", "extended_base_amount", "withdrawal_address", "maturity_date", "withdrawn_amount_eur", "withdrawn_amount_btc") VALUES ('5f06def3-a259-4f89-b5cd-df806658d3a9', '5fcd89be-6a88-421e-8add-2d210e9de048', 'a138fc222c6138aa8bf397230bac2d6bc4a57e3c0f9a39dd1ad1c09c8a963310', 0.00001, 60496, 0.79, '2026-03-21T20:34:35.156806+00:00', NULL, '2026-04-06T19:03:08.402852+00:00', 'withdrawn', 14, '2026-04-06T10:00:00+00:00', 0.6, true, 0.7697321347180672, 'bc1qt22yuqg94ps85frywd9ay2lteuujk4z762trgn', '2026-04-20T20:53:43.62+00:00', 1.0001706334739702, 0.000016916205217318733);
INSERT INTO public."transactions" ("id", "wallet_id", "txid", "amount_btc", "eur_rate", "amount_eur", "timestamp", "block_height", "created_at", "status", "maturity_days", "expires_at", "original_deposit", "is_extended", "extended_base_amount", "withdrawal_address", "maturity_date", "withdrawn_amount_eur", "withdrawn_amount_btc") VALUES ('15115e08-8fec-46c5-8601-128332a38189', '5fcd89be-6a88-421e-8add-2d210e9de048', '7aa923050646b81124ebdabbfcf36e69392a8593b88642cd8faacfdf42dadbf4', 0.00001, 60529, 1.03, '2026-03-21T20:34:35.156806+00:00', NULL, '2026-04-06T18:58:31.50512+00:00', 'active', 14, '2026-04-21T19:48:25.784+00:00', 0.61, true, 1.0001813842103335, NULL, '2026-04-21T19:48:25.356+00:00', NULL, NULL);
INSERT INTO public."transactions" ("id", "wallet_id", "txid", "amount_btc", "eur_rate", "amount_eur", "timestamp", "block_height", "created_at", "status", "maturity_days", "expires_at", "original_deposit", "is_extended", "extended_base_amount", "withdrawal_address", "maturity_date", "withdrawn_amount_eur", "withdrawn_amount_btc") VALUES ('c9ff91fe-8a26-4405-84ac-2df220133d10', '9eb8d227-be04-41bb-86ad-f208acceb6b2', '2429dc9a5305bf1461d7ab4f607f66a70935c8578780abe803222a1b918b6a51', 0.00031399, 59784, 18.96, '2026-03-18T14:15:19+00:00', NULL, '2026-04-07T20:03:37.899497+00:00', 'active', 14, '2026-04-21T20:03:37.484+00:00', 18.77, false, NULL, NULL, NULL, NULL, NULL);

-- Daten fuer Tabelle: wallet_pool
INSERT INTO public."wallet_pool" ("id", "wallet_address", "is_assigned", "assigned_to_user_id", "created_at", "assigned_at") VALUES ('b3e02a3f-a2d8-4ab2-bc9f-e63958298675', 'bc1qvyqt32jne7vm3xwyejzsep75tf3kcdku4jek66', false, 'aea8d0de-611a-4ef1-8836-a3f49fccd271', '2026-04-06T16:57:44.70385+00:00', NULL);
INSERT INTO public."wallet_pool" ("id", "wallet_address", "is_assigned", "assigned_to_user_id", "created_at", "assigned_at") VALUES ('ea3afee1-39d0-4ff1-b6f5-7293b2d5ce80', 'bc1qaw45r2k7xtg02jtkvffjwvqej9q8zedtx4kwpk', false, '1a828638-74ca-46d1-9bf0-94e355b51ef2', '2026-04-06T16:58:27.199923+00:00', NULL);
INSERT INTO public."wallet_pool" ("id", "wallet_address", "is_assigned", "assigned_to_user_id", "created_at", "assigned_at") VALUES ('1762f750-6ca3-4836-a2b2-31e3a3f8a8c7', 'bc1ql34g9whateldawpee7d3a9x7j5hjgkx9ytg0zc', false, '09a22a49-bae2-4f89-94a6-ec7e4f63e2ea', '2026-04-06T16:58:39.504237+00:00', NULL);
INSERT INTO public."wallet_pool" ("id", "wallet_address", "is_assigned", "assigned_to_user_id", "created_at", "assigned_at") VALUES ('1d24d4b8-4c79-4ef9-8910-d9c93587ad3c', 'bc1qcvrxuvveg2tr0nv2s79sjm4q2tsa4t6er09rxs', false, 'dd1b7b09-a431-40ec-bce9-cad490d41721', '2026-04-06T16:58:57.124692+00:00', NULL);
INSERT INTO public."wallet_pool" ("id", "wallet_address", "is_assigned", "assigned_to_user_id", "created_at", "assigned_at") VALUES ('038a4981-455a-4dc3-b782-a7c0b3200010', 'bc1qj2w95djevcegew4r5s9ah9jvxmdrj07xam0x8e', false, 'd4ee7358-b0b1-476c-af7d-380b31ecbfff', '2026-04-06T17:49:59.263575+00:00', NULL);
INSERT INTO public."wallet_pool" ("id", "wallet_address", "is_assigned", "assigned_to_user_id", "created_at", "assigned_at") VALUES ('54897d92-70b8-4043-8024-f41a6e22f1e2', 'bc1qzh58ws7cnnwf2x3ewdergddjm8lvfl7ej45llm', false, '38f43b19-57c8-4ef5-bad2-03d25ddf0563', '2026-04-06T18:56:00.290255+00:00', NULL);
INSERT INTO public."wallet_pool" ("id", "wallet_address", "is_assigned", "assigned_to_user_id", "created_at", "assigned_at") VALUES ('a5b6689a-b190-4137-9260-5967eef0bbca', 'bc1qxlfeq5s85dvvmcdf2hd94lfhlyk3qa06cu3t7z', false, '5ad8cafe-84e2-42a1-8649-faaa81a587b6', '2026-04-06T16:57:03.988486+00:00', NULL);
INSERT INTO public."wallet_pool" ("id", "wallet_address", "is_assigned", "assigned_to_user_id", "created_at", "assigned_at") VALUES ('1fbf74fe-c7c9-4c00-bb03-b297879e274f', 'bc1qc2cmfucr49jyl3c08pv8v7uzg3vnm6gvkdpw2p', false, '9cd5cd7d-e0f4-4771-987a-e607df24ae22', '2026-04-06T20:09:50.737953+00:00', NULL);
INSERT INTO public."wallet_pool" ("id", "wallet_address", "is_assigned", "assigned_to_user_id", "created_at", "assigned_at") VALUES ('06f6f916-21ab-4815-855f-cc3851efb94e', 'bc1qehv5av2sg7lwn2t7ry5re7yzfa4th9ephruhmw', false, 'cbca1379-f34b-4ede-908a-27d941634060', '2026-04-06T20:10:59.678244+00:00', NULL);
INSERT INTO public."wallet_pool" ("id", "wallet_address", "is_assigned", "assigned_to_user_id", "created_at", "assigned_at") VALUES ('4b5ae6be-be82-4065-b722-7f9ca3bfd7d5', 'bc1q9qp50a6pzcy2q46e967gnjxfywfphnxqnrazrr', false, '91d3b191-b8d7-4c25-a395-ad7f63efa31b', '2026-04-06T20:12:09.906896+00:00', NULL);
INSERT INTO public."wallet_pool" ("id", "wallet_address", "is_assigned", "assigned_to_user_id", "created_at", "assigned_at") VALUES ('1f15b145-faa4-48aa-aeab-0589d03f99dc', 'bc1qxk8scs678cz3g4c5s70gac3xvjtmgm00qthaj9', false, 'fc89eb2c-d60c-45d2-92e5-3851a418dda7', '2026-04-07T19:25:27.893309+00:00', NULL);
INSERT INTO public."wallet_pool" ("id", "wallet_address", "is_assigned", "assigned_to_user_id", "created_at", "assigned_at") VALUES ('71a6b7a4-936b-4c62-85c8-df29734ffad8', 'bc1qee4lp8dm0c2hgwr8673uzfmdmekulpqrc0uvs8', false, NULL, '2026-04-07T19:41:33.997957+00:00', NULL);
INSERT INTO public."wallet_pool" ("id", "wallet_address", "is_assigned", "assigned_to_user_id", "created_at", "assigned_at") VALUES ('017f4ee9-cb99-4faa-ac48-b94d12586165', 'bc1q5l96cew0skrd6e8lvfdkvtt7tcjye8978a8ksd', false, NULL, '2026-04-07T19:41:47.376116+00:00', NULL);

-- Daten fuer Tabelle: chat_messages
INSERT INTO public."chat_messages" ("id", "user_id", "message", "is_admin", "read", "created_at") VALUES ('1264c099-fcd4-45cf-b5d9-a5a034333f6d', 'd4ee7358-b0b1-476c-af7d-380b31ecbfff', 'hi', false, false, '2026-04-06T18:34:29.131931+00:00');
INSERT INTO public."chat_messages" ("id", "user_id", "message", "is_admin", "read", "created_at") VALUES ('b95e56fb-2dfc-4640-8419-ec8601e8c282', 'd4ee7358-b0b1-476c-af7d-380b31ecbfff', 'Danke für Ihre Nachricht, in Kürze antwortet Ihnen ein Kundenbetreuer.', true, false, '2026-04-06T18:34:29.269563+00:00');
INSERT INTO public."chat_messages" ("id", "user_id", "message", "is_admin", "read", "created_at") VALUES ('adb17576-909a-4cab-bb0d-e4c61a97f1ce', '91d3b191-b8d7-4c25-a395-ad7f63efa31b', 'Hi', false, false, '2026-04-07T19:37:35.14172+00:00');
INSERT INTO public."chat_messages" ("id", "user_id", "message", "is_admin", "read", "created_at") VALUES ('eaea34e1-8607-4a47-8cd9-e52b249b5d2b', '91d3b191-b8d7-4c25-a395-ad7f63efa31b', 'Danke für Ihre Nachricht, in Kürze antwortet Ihnen ein Kundenbetreuer.', true, false, '2026-04-07T19:37:35.231323+00:00');
INSERT INTO public."chat_messages" ("id", "user_id", "message", "is_admin", "read", "created_at") VALUES ('d50735be-0a74-46b2-9705-7dc8970e29cc', '91d3b191-b8d7-4c25-a395-ad7f63efa31b', 'Danke für deine nachricht', true, false, '2026-04-07T19:59:14.878452+00:00');

-- Daten fuer Tabelle: site_settings
INSERT INTO public."site_settings" ("id", "setting_key", "setting_value", "description", "created_at", "updated_at") VALUES ('1117baa8-4675-42ac-aa54-f78b53698c14', 'btc_rate_adjustment', '0', 'Anpassung des BTC Preises in %', '2026-04-06T16:55:27.470024+00:00', '2026-04-06T16:55:27.470024+00:00');
INSERT INTO public."site_settings" ("id", "setting_key", "setting_value", "description", "created_at", "updated_at") VALUES ('701141ea-b492-4e73-a06a-c8247b56c1eb', 'maintenance_mode', 'false', 'Wartungsmodus aktivieren', '2026-04-06T16:55:27.470024+00:00', '2026-04-06T16:55:27.470024+00:00');
INSERT INTO public."site_settings" ("id", "setting_key", "setting_value", "description", "created_at", "updated_at") VALUES ('18956a3d-997e-4e2c-99b1-dc8acd4a2a7f', 'home_menu_url', '/', NULL, '2026-04-07T20:06:31.043415+00:00', '2026-04-07T20:06:31.043415+00:00');
INSERT INTO public."site_settings" ("id", "setting_key", "setting_value", "description", "created_at", "updated_at") VALUES ('97c48562-ba45-466f-b73f-749d13f361eb', 'home_button_url', 'https://', NULL, '2026-04-07T20:06:31.043415+00:00', '2026-04-07T20:09:25.257+00:00');
INSERT INTO public."site_settings" ("id", "setting_key", "setting_value", "description", "created_at", "updated_at") VALUES ('2aaf17af-ca86-48be-bf3e-398c779466a3', 'website_button_url', 'https://google.de', NULL, '2026-04-07T20:06:31.043415+00:00', '2026-04-08T10:50:43.081+00:00');
INSERT INTO public."site_settings" ("id", "setting_key", "setting_value", "description", "created_at", "updated_at") VALUES ('64af8c63-680a-4fba-bc44-3606750f87fc', 'website_link_url', 'https://111111.de', NULL, '2026-04-07T20:06:31.043415+00:00', '2026-04-08T10:59:08.392+00:00');
